シューター,.52ガロン,ポイントセンサー,イカスフィア
シューター,.52ガロンデコ,カーリングボム,ハイパープレッサー
シューター,.96ガロン,スプリンクラー,インクアーマー
シューター,.96ガロンデコ,スプラッシュシールド,スーパーチャクチ
シューター,プロモデラーMG,キューバンボム,カーリングボムピッチャー
シューター,プロモデラーPG,クイックボム,ナイスダマ
シューター,プロモデラーRG,スプリンクラー,イカスフィア
シューター,ジェットスイーパーカスタム,クイックボム,ハイパープレッサー
シューター,もみじシューター,ロボットボム,アメフラシ
シューター,ボトルガイザーフォイル,スプラッシュボム,バブルランチャー
シューター,プライムシューターコラボ,キューバンボム,バブルランチャー
シューター,ヒーローシューター レプリカ,クイックボム,スーパーチャクチ
シューター,ジェットスイーパー,ポイズンミスト,マルチミサイル
シューター,.52ガロンベッチュー,スプラッシュシールド,ナイスダマ
シューター,スプラシューターベッチュー,キューバンボム,マルチミサイル
シューター,おちばシューター,トーピード,バブルランチャー
シューター,プライムシューターベッチュー,スプラッシュボム,ナイスダマ
シューター,シャープマーカーネオ,クイックボム,キューバンボムピッチャー
シューター,ボールドマーカーネオ,ジャンプビーコン,マルチミサイル
シューター,N-ZAP83,スプリンクラー,アメフラシ
シューター,N-ZAP85,キューバンボム,インクアーマー
シューター,N-ZAP89,ロボットボム,マルチミサイル
シューター,オクタシューター レプリカ,スプラッシュボム,ジェットパック
シューター,シャープマーカー,ポイズンミスト,ジェットパック
シューター,スプラシューター,クイックボム,スーパーチャクチ
シューター,わかばシューター,スプラッシュボム,インクアーマー
シューター,プライムシューター,ポイントセンサー,アメフラシ
シューター,ボールドマーカー,カーリングボム,スーパーチャクチ
シューター,ボールドマーカー7,スプラッシュボム,ウルトラハンコ
シューター,ボトルガイザー,スプラッシュシールド,ハイパープレッサー
シューター,スプラシューターコラボ,スプラッシュボム,ジェットパック
ブラスター,ホットブラスター,ポイズンミスト,スーパーチャクチ
ブラスター,クラッシュブラスター,スプラッシュボム,ハイパープレッサー
ブラスター,クラッシュブラスターネオ,カーリングボム,マルチミサイル
ブラスター,ホットブラスターカスタム,ロボットボム,ジェットパック
ブラスター,ロングブラスターカスタム,カーリングボム,バブルランチャー
ブラスター,ロングブラスターネクロ,クイックボム,マルチミサイル
ブラスター,ヒーローブラスター レプリカ,ポイズンミスト,スーパーチャクチ
ブラスター,ノヴァブラスターベッチュー,タンサンボム,アメフラシ
ブラスター,ラピッドブラスターベッチュー,トーピード,イカスフィア
ブラスター,ノヴァブラスター,スプラッシュボム,イカスフィア
ブラスター,ノヴァブラスターネオ,トラップ,キューバンボムピッチャー
ブラスター,ロングブラスター,キューバンボム,アメフラシ
ブラスター,ラピッドブラスター,トラップ,スプラッシュボムピッチャー
ブラスター,ラピッドブラスターデコ,キューバンボム,ジェットパック
ブラスター,Rブラスターエリート,ポイズンミスト,アメフラシ
ブラスター,Rブラスターエリートデコ,スプラッシュシールド,インクアーマー
マニューバー,スパッタリークリア,トーピード,スーパーチャクチ
マニューバー,デュアルスイーパーカスタム,スプラッシュボム,アメフラシ
マニューバー,スパッタリー,ジャンプビーコン,キューバンボムピッチャー
マニューバー,スパッタリー・ヒュー,ポイズンミスト,アメフラシ
マニューバー,クアッドホッパーブラック,ロボットボム,スーパーチャクチ
マニューバー,デュアルスイーパー,ポイントセンサー,マルチミサイル
マニューバー,スプラマニューバーコラボ,カーリングボム,ジェットパック
マニューバー,ケルビン525,トラップ,ジェットパック
マニューバー,ケルビン525デコ,スプラッシュシールド,イカスフィア
マニューバー,ヒーローマニューバー レプリカ,クイックボム,マルチミサイル
マニューバー,ケルビン525ベッチュー,タンサンボム,インクアーマー
マニューバー,スプラマニューバーベッチュー,キューバンボム,イカスフィア
マニューバー,クアッドホッパーホワイト,スプリンクラー,ロボットボムピッチャー
マニューバー,スプラマニューバー,クイックボム,マルチミサイル
リールガン,H3リールガンチェリー,スプラッシュシールド,バブルランチャー
リールガン,H3リールガン,ポイントセンサー,マルチミサイル
リールガン,H3リールガンD,キューバンボム,インクアーマー
リールガン,L3リールガンベッチュー,スプラッシュシールド,ウルトラハンコ
リールガン,L3リールガン,カーリングボム,イカスフィア
リールガン,L3リールガンD,クイックボム,ジェットパック
ローラー,カーボンローラー,ロボットボム,アメフラシ
ローラー,カーボンローラーデコ,クイックボム,ロボットボムピッチャー
ローラー,ダイナモローラー,トラップ,ハイパープレッサー
ローラー,ヴァリアブルローラー,スプラッシュシールド,スプラッシュボムピッチャー
ローラー,ヴァリアブルローラーフォイル,キューバンボム,マルチミサイル
ローラー,ダイナモローラーテスラ,スプラッシュボム,インクアーマー
ローラー,ヒーローローラー レプリカ,カーリングボム,スーパーチャクチ
ローラー,ダイナモローラーベッチュー,スプリンクラー,ナイスダマ
ローラー,スプラローラーベッチュー,スプラッシュボム,バブルランチャー
ローラー,スプラローラーコラボ,ジャンプビーコン,イカスフィア
ローラー,スプラローラー,カーリングボム,スーパーチャクチ
ブラシ,ヒーローブラシ レプリカ,ロボットボム,ジェットパック
ブラシ,パブロ,スプラッシュボム,スーパーチャクチ
ブラシ,パブロ・ヒュー,トラップ,イカスフィア
ブラシ,ホクサイベッチュー,キューバンボム,ウルトラハンコ
ブラシ,ホクサイ,ロボットボム,ジェットパック
ブラシ,ホクサイ・ヒュー,ジャンプビーコン,マルチミサイル
ブラシ,パーマネント・パブロ,スプリンクラー,インクアーマー
チャージャー,14式竹筒銃・甲,カーリングボム,マルチミサイル
チャージャー,14式竹筒銃・乙,ポイズンミスト,クイックボムピッチャー
チャージャー,14式竹筒銃・丙,タンサンボム,バブルランチャー
チャージャー,スクイックリンα,ポイントセンサー,インクアーマー
チャージャー,リッター4Kカスタム,ジャンプビーコン,バブルランチャー
チャージャー,4Kスコープカスタム,ジャンプビーコン,バブルランチャー
チャージャー,ソイチューバーカスタム,カーリングボム,ジェットパック
チャージャー,リッター4K,トラップ,アメフラシ
チャージャー,4Kスコープ,トラップ,アメフラシ
チャージャー,スプラチャージャーコラボ,スプラッシュシールド,キューバンボムピッチャー
チャージャー,スプラスコープコラボ,スプラッシュシールド,キューバンボムピッチャー
チャージャー,スクイックリンγ,キューバンボム,ジェットパック
チャージャー,ソイチューバー,キューバンボム,スーパーチャクチ
チャージャー,ヒーローチャージャー レプリカ,スプラッシュボム,ハイパープレッサー
チャージャー,スプラチャージャーベッチュー,スプリンクラー,イカスフィア
チャージャー,スプラスコープベッチュー,スプリンクラー,イカスフィア
チャージャー,スクイックリンβ,ロボットボム,イカスフィア
チャージャー,スプラチャージャー,スプラッシュボム,ハイパープレッサー
チャージャー,スプラスコープ,スプラッシュボム,ハイパープレッサー
スロッシャー,オーバーフロッシャー,スプラッシュシールド,アメフラシ
スロッシャー,オーバーフロッシャーデコ,スプリンクラー,キューバンボムピッチャー
スロッシャー,エクスプロッシャーカスタム,ポイントセンサー,イカスフィア
スロッシャー,エクスプロッシャー,スプリンクラー,バブルランチャー
スロッシャー,ヒーロースロッシャー レプリカ,キューバンボム,マルチミサイル
スロッシャー,スクリュースロッシャーベッチュー,タンサンボム,スーパーチャクチ
スロッシャー,バケットスロッシャー,キューバンボム,マルチミサイル
スロッシャー,バケットスロッシャーデコ,スプリンクラー,イカスフィア
スロッシャー,スクリュースロッシャー,ロボットボム,ハイパープレッサー
スロッシャー,スクリュースロッシャーネオ,ポイントセンサー,スプラッシュボムピッチャー
スロッシャー,バケットスロッシャーソーダ,スプラッシュボム,クイックボムピッチャー
スロッシャー,ヒッセン,クイックボム,インクアーマー
スロッシャー,ヒッセン・ヒュー,スプラッシュボム,アメフラシ
スピナー,クーゲルシュライバー,ポイズンミスト,ジェットパック
スピナー,クーゲルシュライバー・ヒュー,ジャンプビーコン,アメフラシ
スピナー,ハイドラントカスタム,トラップ,インクアーマー
スピナー,バレルスピナー,スプリンクラー,ハイパープレッサー
スピナー,バレルスピナーデコ,スプラッシュシールド,バブルランチャー
スピナー,バレルスピナーリミックス,ポイントセンサー,ナイスダマ
スピナー,ヒーロースピナー レプリカ,スプリンクラー,ハイパープレッサー
スピナー,ハイドラント,ロボットボム,スーパーチャクチ
スピナー,スプラスピナーベッチュー,ポイズンミスト,ウルトラハンコ
スピナー,スプラスピナー,クイックボム,マルチミサイル
スピナー,ノーチラス47,ポイントセンサー,イカスフィア
スピナー,ノーチラス79,キューバンボム,ジェットパック
スピナー,スプラスピナーコラボ,カーリングボム,アメフラシ
シェルター,ヒーローシェルター レプリカ,スプリンクラー,アメフラシ
シェルター,スパイガジェットベッチュー,トーピード,インクアーマー
シェルター,パラシェルターソレーラ,ロボットボム,スプラッシュボムピッチャー
シェルター,パラシェルター,スプリンクラー,アメフラシ
シェルター,キャンピングシェルター,ジャンプビーコン,バブルランチャー
シェルター,キャンピングシェルターカーモ,トラップ,ウルトラハンコ
シェルター,キャンピングシェルターソレーラ,スプラッシュシールド,カーリングボムピッチャー
シェルター,スパイガジェット,トラップ,スーパーチャクチ
シェルター,スパイガジェットソレーラ,スプラッシュボム,イカスフィア
